scale,seed,model,bank,auroc,ap,fpr95,f1,precision,recall,fpr,balanced_accuracy,support,positive,negative,tp,fp,fn,tn,threshold
50000,42,Amount LR,Bank_A,0.5154294761841931,0.015081374619704829,0.9141258741258741,0.024054982817869417,0.013232514177693762,0.1320754716981132,0.14601398601398602,0.4930307428420636,3628,53,3575,7,522,46,3053,0.03240999492849142
50000,42,Amount LR,Bank_B,0.5117725137839494,0.02579713629958772,0.942090395480226,0.05198776758409786,0.0297723292469352,0.20481927710843373,0.15649717514124295,0.5241610509835953,3623,83,3540,17,554,66,2986,0.03240999492849142
50000,42,Amount LR,Bank_C,0.5706697812817197,0.021914098203525804,0.8942606728866271,0.043410852713178294,0.023972602739726026,0.22950819672131148,0.16115351993214588,0.5341773383945828,3598,61,3537,14,570,47,2967,0.03240999492849142
50000,42,Amount LR,Bank_D,0.5163872762457669,0.03384301683927847,0.9439767779390421,0.046579330422125184,0.02821869488536155,0.13333333333333333,0.15994194484760524,0.486695694242864,3565,120,3445,16,551,104,2894,0.03240999492849142
50000,42,Context LR,Bank_A,0.4133157408629107,0.012621794525527832,0.958041958041958,0.0,0.0,0.0,0.0,0.5,3628,53,3575,0,0,53,3575,0.038779820917630395
50000,42,Context LR,Bank_B,0.47129194745082015,0.020908693640176914,0.9384180790960452,0.008403361344537815,0.0064516129032258064,0.012048192771084338,0.04350282485875706,0.48427268395616363,3623,83,3540,1,154,82,3386,0.038779820917630395
50000,42,Context LR,Bank_C,0.4782834392395148,0.016240030567481457,0.9505230421260955,0.015384615384615385,0.014492753623188406,0.01639344262295082,0.019225332202431437,0.4985840552102597,3598,61,3537,1,68,60,3469,0.038779820917630395
50000,42,Context LR,Bank_D,0.4319883889695211,0.028448851559431568,0.9663280116110304,0.044416243654822336,0.02403846153846154,0.2916666666666667,0.4124818577648766,0.4395924044508951,3565,120,3445,35,1421,85,2024,0.038779820917630395
50000,43,Amount LR,Bank_A,0.5601134473260792,0.02084600173765654,0.9646731571627261,0.04923076923076923,0.02671118530884808,0.3137254901960784,0.16216968011126565,0.5757779050424063,3646,51,3595,16,583,35,3012,0.034480511269055554
50000,43,Amount LR,Bank_B,0.6033913395386483,0.03361616591150366,0.953257790368272,0.07062600321027288,0.039783001808318265,0.3142857142857143,0.15042492917847025,0.581930392553622,3600,70,3530,22,531,48,2999,0.034480511269055554
50000,43,Amount LR,Bank_C,0.6057919135396094,0.025561081824444054,0.9058956916099773,0.060882800608828,0.03361344537815126,0.3225806451612903,0.16298185941043083,0.5797993928754297,3590,62,3528,20,575,42,2953,0.034480511269055554
50000,43,Amount LR,Bank_D,0.5918950841269031,0.03947370369153632,0.9446857804807414,0.0903054448871182,0.05222734254992319,0.3333333333333333,0.17868520127425427,0.5773240660295395,3555,102,3453,34,617,68,2836,0.034480511269055554
50000,43,Context LR,Bank_A,0.42409119419673297,0.013505600125461852,0.9799721835883171,0.0,0.0,0.0,0.0,0.5,3646,51,3595,0,0,51,3595,0.043220669817092314
50000,43,Context LR,Bank_B,0.48588021044111696,0.019876539273600433,0.9512747875354107,0.020618556701030927,0.037037037037037035,0.014285714285714285,0.0073654390934844195,0.5034601375961149,3600,70,3530,1,26,69,3504,0.043220669817092314
50000,43,Context LR,Bank_C,0.5180994440787068,0.018666352953119775,0.9367913832199547,0.03804347826086957,0.02287581699346405,0.11290322580645161,0.08475056689342404,0.5140763294565137,3590,62,3528,7,299,55,3229,0.043220669817092314
50000,43,Context LR,Bank_D,0.44250523841161143,0.02385093606918958,0.9551114972487692,0.033268101761252444,0.01847826086956522,0.16666666666666666,0.26151172893136404,0.4525774688676514,3555,102,3453,17,903,85,2550,0.043220669817092314
50000,44,Amount LR,Bank_A,0.5198237687211982,0.019728164103372213,0.9411272321428571,0.02506265664160401,0.01483679525222552,0.08064516129032258,0.09263392857142858,0.49400561635944695,3646,62,3584,5,332,57,3252,0.033367798920021154
50000,44,Amount LR,Bank_B,0.47338408503303653,0.01645273583118015,0.9559322033898305,0.028901734104046242,0.017421602787456445,0.0847457627118644,0.07966101694915254,0.502542372881356,3599,59,3540,5,282,54,3258,0.033367798920021154
50000,44,Amount LR,Bank_C,0.6045355042233589,0.032319898242254536,0.9089103291713961,0.05486284289276808,0.033950617283950615,0.14285714285714285,0.08881952326901249,0.5270188097940651,3601,77,3524,11,313,66,3211,0.033367798920021154
50000,44,Amount LR,Bank_D,0.5356345551077848,0.02981096208524619,0.9386873920552677,0.046753246753246755,0.030508474576271188,0.1,0.08232584916522741,0.5088370754173863,3564,90,3474,9,286,81,3188,0.033367798920021154
50000,44,Context LR,Bank_A,0.4718731998847926,0.016736825887140705,0.9324776785714286,0.0,0.0,0.0,0.0,0.5,3646,62,3584,0,0,62,3584,0.04214872153429678
50000,44,Context LR,Bank_B,0.44002202432251275,0.01398009071316083,0.9615819209039548,0.0,0.0,0.0,0.003672316384180791,0.4981638418079096,3599,59,3540,0,13,59,3527,0.04214872153429678
50000,44,Context LR,Bank_C,0.5349735395138346,0.025240723936434888,0.9514755959137344,0.010638297872340425,0.009009009009009009,0.012987012987012988,0.031214528944381384,0.49088624202131576,3601,77,3524,1,110,76,3414,0.04214872153429678
50000,44,Context LR,Bank_D,0.5141559521524979,0.026150649018424448,0.9179620034542314,0.05357142857142857,0.029411764705882353,0.3,0.25647668393782386,0.5217616580310881,3564,90,3474,27,891,63,2583,0.04214872153429678
50000,45,Amount LR,Bank_A,0.5786766750069502,0.018396385563384146,0.9216013344453712,0.04830917874396135,0.025996533795493933,0.3409090909090909,0.15624131220461496,0.592333889352238,3641,44,3597,15,562,29,3035,0.03493094836061137
50000,45,Amount LR,Bank_B,0.5649937813643398,0.031399864388893264,0.9734912577552172,0.05287713841368585,0.03008849557522124,0.21794871794871795,0.1545403271291596,0.5317041954097792,3624,78,3546,17,548,61,2998,0.03493094836061137
50000,45,Amount LR,Bank_C,0.5222696333728665,0.02642091135921206,0.9838343732274532,0.048411497730711045,0.027923211169284468,0.18181818181818182,0.15796937039137834,0.5119244057134018,3614,88,3526,16,557,72,2969,0.03493094836061137
50000,45,Amount LR,Bank_D,0.5196368342075194,0.034268574828360036,0.95836947094536,0.06294706723891273,0.037037037037037035,0.20952380952380953,0.16536571263370917,0.5220790484450502,3564,105,3459,22,572,83,2887,0.03493094836061137
50000,45,Context LR,Bank_A,0.5421310688199762,0.0138682229971946,0.9227133722546567,0.0,0.0,0.0,0.0013900472616068947,0.4993049763691966,3641,44,3597,0,5,44,3592,0.03686847547238646
50000,45,Context LR,Bank_B,0.45676602021779683,0.02081349990749584,0.9799774393683023,0.020066889632107024,0.013574660633484163,0.038461538461538464,0.06147772137619854,0.48849190854267,3624,78,3546,3,218,75,3328,0.03686847547238646
50000,45,Context LR,Bank_C,0.45201232403444536,0.02228886408275594,0.9671015314804311,0.036939313984168866,0.020895522388059702,0.1590909090909091,0.18604651162790697,0.4865221987315011,3614,88,3526,14,656,74,2870,0.03686847547238646
50000,45,Context LR,Bank_D,0.463271796142568,0.027600364514824338,0.9603931772188494,0.05568760611205433,0.028873239436619718,0.780952380952381,0.7973402717548425,0.4918060545987692,3564,105,3459,82,2758,23,701,0.03686847547238646
50000,46,Amount LR,Bank_A,0.5670133165672597,0.023404573339572753,0.9247849014709963,0.05370843989769821,0.0286493860845839,0.42857142857142855,0.19761310019428255,0.6154791641885731,3652,49,3603,21,712,28,2891,0.03417612107882128
50000,46,Amount LR,Bank_B,0.6233124220412356,0.03851555090071463,0.8830508474576271,0.06956521739130435,0.038461538461538464,0.36363636363636365,0.1977401129943503,0.5829481253210067,3617,77,3540,28,700,49,2840,0.03417612107882128
50000,46,Amount LR,Bank_C,0.5082647830233668,0.029986775560206,0.9848354792560801,0.06532663316582915,0.037142857142857144,0.2708333333333333,0.19284692417739627,0.5389932045779685,3591,96,3495,26,674,70,2821,0.03417612107882128
50000,46,Amount LR,Bank_D,0.5847106448213089,0.04087692610378466,0.9074446680080482,0.08311688311688312,0.04747774480712166,0.3333333333333333,0.18453578614544408,0.5743987735939446,3575,96,3479,32,642,64,2837,0.03417612107882128
50000,46,Context LR,Bank_A,0.5379530663222825,0.016346334723653093,0.9317235636969192,0.0,0.0,0.0,0.0,0.5,3652,49,3603,0,0,49,3603,0.04455962442730637
50000,46,Context LR,Bank_B,0.5274781715459682,0.022734938806994613,0.9127118644067796,0.0,0.0,0.0,0.006779661016949152,0.4966101694915254,3617,77,3540,0,24,77,3516,0.04455962442730637
50000,46,Context LR,Bank_C,0.4494307343824511,0.024485311856913453,0.9891273247496424,0.034013605442176874,0.025252525252525252,0.052083333333333336,0.055221745350500714,0.49843079399141627,3591,96,3495,5,193,91,3302,0.04455962442730637
50000,46,Context LR,Bank_D,0.4917301427613299,0.03067153254648272,0.9496981891348089,0.05292171995589857,0.029593094944512947,0.25,0.22621442943374534,0.5118927852831273,3575,96,3479,24,787,72,2692,0.04455962442730637
100000,42,Amount LR,Bank_A,0.5540103308669553,0.02261275178423169,0.9349434594443669,0.04864864864864865,0.026568265682656828,0.288,0.18414072316068686,0.5519296384196566,7288,125,7163,36,1319,89,5844,0.03239939596958087
100000,42,Amount LR,Bank_B,0.5385742462665539,0.020684139442358113,0.9220907297830375,0.03986254295532646,0.022053231939163497,0.20714285714285716,0.18117779656241195,0.5129825302902226,7238,140,7098,29,1286,111,5812,0.03239939596958087
100000,42,Amount LR,Bank_C,0.5272910731880909,0.031492938927477516,0.9739835086721638,0.058114812189936214,0.03274760383386582,0.2578616352201258,0.17216377594540802,0.5428489296373589,7193,159,7034,41,1211,118,5823,0.03239939596958087
100000,42,Amount LR,Bank_D,0.5409488592035919,0.03096546002165367,0.9396253602305475,0.06769683590875644,0.03904923599320883,0.2541436464088398,0.16311239193083574,0.545515627239002,7121,181,6940,46,1132,135,5808,0.03239939596958087
100000,42,Context LR,Bank_A,0.45555214295686164,0.015599262601393405,0.9529526734608404,0.0,0.0,0.0,0.003350551444925311,0.4983247242775373,7288,125,7163,0,24,125,7139,0.04086019215824577
100000,42,Context LR,Bank_B,0.4218009097129976,0.01532790337363013,0.9088475626937166,0.0,0.0,0.0,0.002395040856579318,0.49880247957171037,7238,140,7098,0,17,140,7081,0.04086019215824577
100000,42,Context LR,Bank_C,0.432592457479663,0.018687736578003034,0.9728461757179414,0.024369016536118365,0.014141414141414142,0.0880503144654088,0.13875462041512654,0.4746478470251411,7193,159,7034,14,976,145,6058,0.04086019215824577
100000,42,Context LR,Bank_D,0.43117725731208306,0.021249913476608085,0.9730547550432277,0.03374849337083166,0.018197573656845753,0.23204419889502761,0.3265129682997118,0.4527656152976579,7121,181,6940,42,2266,139,4674,0.04086019215824577
100000,43,Amount LR,Bank_A,0.5886987019278289,0.0261380526841022,0.9442342721031246,0.06179351921627732,0.034223706176961605,0.3178294573643411,0.1621129326047359,0.5778582623798026,7266,129,7137,41,1157,88,5980,0.03411140685525469
100000,43,Amount LR,Bank_B,0.5291548783445155,0.0274982628929194,0.9504213483146068,0.05544005544005544,0.03067484662576687,0.28776978417266186,0.17752808988764046,0.5551208471425106,7259,139,7120,40,1264,99,5856,0.03411140685525469
100000,43,Amount LR,Bank_C,0.525452948568,0.02734512484023286,0.9404677533664068,0.05904059040590406,0.03355704697986577,0.24539877300613497,0.1632884479092842,0.5410551625484253,7218,163,7055,40,1152,123,5903,0.03411140685525469
100000,43,Amount LR,Bank_D,0.5319114479846381,0.03802567280650419,0.9443397593854181,0.07580174927113703,0.04537521815008726,0.23008849557522124,0.15857370633425133,0.5357573946204849,7125,226,6899,52,1094,174,5805,0.03411140685525469
100000,43,Context LR,Bank_A,0.4835647401411794,0.016907928296373904,0.9526411657559198,0.0,0.0,0.0,0.00014011489421325487,0.49992994255289336,7266,129,7137,0,1,129,7136,0.044506692834373765
100000,43,Context LR,Bank_B,0.42283263277018834,0.015746374895607675,0.9651685393258427,0.0,0.0,0.0,0.006320224719101123,0.49683988764044945,7259,139,7120,0,45,139,7075,0.044506692834373765
100000,43,Context LR,Bank_C,0.46010530755283857,0.020573552437985403,0.9580439404677533,0.03768115942028986,0.024667931688804556,0.07975460122699386,0.07285613040396882,0.5034492354115125,7218,163,7055,13,514,150,6541,0.044506692834373765
100000,43,Context LR,Bank_D,0.4590411333180261,0.028941569303851302,0.9414407885200754,0.04641567818463126,0.02626970227670753,0.19911504424778761,0.2417741701695898,0.4786704370390989,7125,226,6899,45,1668,181,5231,0.044506692834373765
100000,44,Amount LR,Bank_A,0.5644677567572967,0.02198474625307325,0.9384701440357992,0.0441400304414003,0.024126455906821963,0.25892857142857145,0.16403300237728988,0.5474477845256408,7263,112,7151,29,1173,83,5978,0.03494422475603417
100000,44,Amount LR,Bank_B,0.5294276208041631,0.021675582075861233,0.9403721454750493,0.0409711684370258,0.02274641954507161,0.20610687022900764,0.16351846630955738,0.5212942019597251,7225,131,7094,27,1160,104,5934,0.03494422475603417
100000,44,Amount LR,Bank_C,0.4807880944106501,0.02396814619857655,0.9543964657260938,0.05228758169934641,0.029850746268656716,0.21052631578947367,0.16673792218896966,0.521894196800252,7188,171,7017,36,1170,135,5847,0.03494422475603417
100000,44,Amount LR,Bank_D,0.5500964629757957,0.03783330060229005,0.9480799654825255,0.076163610719323,0.04426229508196721,0.2727272727272727,0.1676973968071336,0.5525149379600696,7151,198,6953,54,1166,144,5787,0.03494422475603417
100000,44,Context LR,Bank_A,0.441968655732465,0.013559957141045041,0.9518948398825339,0.0,0.0,0.0,0.0006992029086841001,0.49965039854565796,7263,112,7151,0,5,112,7146,0.043494633624934456
100000,44,Context LR,Bank_B,0.4911192557090499,0.018091281643969448,0.9670143783478996,0.0,0.0,0.0,0.0038060332675500423,0.498096983366225,7225,131,7094,0,27,131,7067,0.043494633624934456
100000,44,Context LR,Bank_C,0.422630253844673,0.01984772278691134,0.9706427248111729,0.02088167053364269,0.013024602026049204,0.05263157894736842,0.09719253242126265,0.47771952326305284,7188,171,7017,9,682,162,6335,0.043494633624934456
100000,44,Context LR,Bank_D,0.48336086305308223,0.026675273894330123,0.9700848554580757,0.05061349693251534,0.027385892116182572,0.3333333333333333,0.3371206673378398,0.49810633299774676,7151,198,6953,66,2344,132,4609,0.043494633624934456
100000,45,Amount LR,Bank_A,0.5707312213588364,0.02104480893134692,0.9523012552301255,0.04599406528189911,0.025223759153783564,0.2605042016806723,0.16708507670850767,0.5467095624860823,7289,119,7170,31,1198,88,5972,0.03380967674183954
100000,45,Amount LR,Bank_B,0.5405343094520361,0.032339496096616765,0.9040112596762843,0.04532163742690058,0.025121555915721232,0.23134328358208955,0.1693173821252639,0.5310129507284129,7239,134,7105,31,1203,103,5902,0.03380967674183954
100000,45,Amount LR,Bank_C,0.5274012035216756,0.022762301731172524,0.9449164542622487,0.045454545454545456,0.025177025963808025,0.23357664233576642,0.17544604927782498,0.5290652965289707,7199,137,7062,32,1239,105,5823,0.03380967674183954
100000,45,Amount LR,Bank_D,0.5055032308324161,0.030001835924053585,0.9664303284618724,0.057564575645756455,0.033707865168539325,0.19696969696969696,0.1617710895673564,0.5175993037011704,7109,198,6911,39,1118,159,5793,0.03380967674183954
100000,45,Context LR,Bank_A,0.47759689649918546,0.015731442261229883,0.9670850767085076,0.0,0.0,0.0,0.0,0.5,7289,119,7170,0,0,119,7170,0.044722668137498596
100000,45,Context LR,Bank_B,0.46927746909365914,0.016800302983584082,0.9494722026741731,0.0,0.0,0.0,0.0009852216748768472,0.4995073891625616,7239,134,7105,0,7,134,7098,0.044722668137498596
100000,45,Context LR,Bank_C,0.44109834272874043,0.01640494685157892,0.9463324837156613,0.01620745542949757,0.009115770282588878,0.072992700729927,0.153922401585953,0.45953514957198693,7199,137,7062,10,1087,127,5975,0.044722668137498596
100000,45,Context LR,Bank_D,0.436842743744784,0.024111337251683743,0.9816234987700767,0.03508771929824561,0.020512820512820513,0.12121212121212122,0.1658226016495442,0.47769475978128845,7109,198,6911,24,1146,174,5765,0.044722668137498596
100000,46,Amount LR,Bank_A,0.5995504645688345,0.027705906580522716,0.9448237425107984,0.055933484504913075,0.030603804797353185,0.32456140350877194,0.1632994287306674,0.5806309873890522,7291,114,7177,37,1172,77,6005,0.03452046541185249
100000,46,Amount LR,Bank_B,0.555571909855101,0.025258718236149873,0.9172995780590717,0.060652009097801364,0.03361344537815126,0.31007751937984496,0.1617440225035162,0.5741667484381644,7239,129,7110,40,1150,89,5960,0.03452046541185249
100000,46,Amount LR,Bank_C,0.565028180205664,0.02650740853920351,0.9461069351864984,0.049924357034795766,0.02806122448979592,0.22602739726027396,0.162104666004822,0.531961365627726,7197,146,7051,33,1143,113,5908,0.03452046541185249
100000,46,Amount LR,Bank_D,0.5477007652590816,0.035082664045080154,0.9383620689655172,0.07158509861212564,0.04145516074450085,0.2620320855614973,0.16278735632183908,0.549622364619829,7147,187,6960,49,1133,138,5827,0.03452046541185249
100000,46,Context LR,Bank_A,0.479834461449709,0.015128773230042955,0.9796572384004458,0.0,0.0,0.0,0.0013933398355858995,0.49930333008220706,7291,114,7177,0,10,114,7167,0.04103869087590687
100000,46,Context LR,Bank_B,0.4429431197461813,0.015741941238204514,0.9559774964838256,0.019736842105263157,0.017142857142857144,0.023255813953488372,0.02419127988748242,0.499532267033003,7239,129,7110,3,172,126,6938,0.04103869087590687
100000,46,Context LR,Bank_C,0.4605418836927824,0.018269378991916257,0.9635512693235002,0.022448979591836733,0.013189448441247002,0.07534246575342465,0.11672103247766275,0.479310716637881,7197,146,7051,11,823,135,6228,0.04103869087590687
100000,46,Context LR,Bank_D,0.4668157231544655,0.02316527240089169,0.9445402298850575,0.04153147306943543,0.022107081174438686,0.3422459893048128,0.4067528735632184,0.4677465578707972,7147,187,6960,64,2831,123,4129,0.04103869087590687
500000,42,Amount LR,Bank_A,0.5572132875594219,0.020900084731105495,0.9287861915367484,0.04564691656590085,0.024864152807508644,0.27808471454880296,0.1648663697104677,0.5566091724191676,36463,543,35920,151,5922,392,29998,0.03499076424053525
500000,42,Amount LR,Bank_B,0.5501661027653049,0.025399533580918923,0.9431773385143887,0.054468853445681614,0.03034875922199866,0.2653958944281525,0.1628371909669426,0.5512793517306049,36196,682,35514,181,5783,501,29731,0.03499076424053525
500000,42,Amount LR,Bank_C,0.5492747116484782,0.028410487408839943,0.9561181194293362,0.06272509003601441,0.035744826406704296,0.2558139534883721,0.16054902184127345,0.5476324658235493,35934,817,35117,209,5638,608,29479,0.03499076424053525
500000,42,Amount LR,Bank_D,0.5441648480197027,0.03528651797534658,0.9488886967050073,0.07642372381233402,0.04473229706390328,0.26214574898785425,0.15944535731788176,0.5513501958349862,35677,988,34689,259,5531,729,29158,0.03499076424053525
500000,42,Context LR,Bank_A,0.46989683438129337,0.013663902716782604,0.9544821826280624,0.0,0.0,0.0,0.0010579064587973273,0.49947104677060133,36463,543,35920,0,38,543,35882,0.04528913573590316
500000,42,Context LR,Bank_B,0.46689199600273285,0.01756499254025261,0.9584670834037281,0.02185792349726776,0.028846153846153848,0.017595307917888565,0.01137579546094498,0.5031097562284718,36196,682,35514,12,404,670,35110,0.04528913573590316
500000,42,Context LR,Bank_C,0.47177055166068566,0.020616319077096795,0.9584816470655239,0.020744356314826115,0.01381552214546932,0.0416156670746634,0.06911182618105191,0.48625192044680576,35934,817,35117,34,2427,783,32690,0.04528913573590316
500000,42,Context LR,Bank_D,0.4593635254989301,0.024579823986272384,0.9545965579866816,0.04283752860411899,0.023548354634195433,0.23684210526315788,0.2797140303842717,0.47856403743944315,35677,988,34689,234,9703,754,24986,0.04528913573590316
500000,43,Amount LR,Bank_A,0.5569376305827054,0.02142905434332664,0.947695307060298,0.04741315043983897,0.0259634225996081,0.2727272727272727,0.16613285057791394,0.5532972110746794,36488,583,35905,159,5965,424,29940,0.034003169208569474
500000,43,Amount LR,Bank_B,0.534026875777677,0.023716588588318453,0.9371069182389937,0.05309734513274336,0.029688273132112815,0.2510460251046025,0.16591928251121077,0.5425633712966959,36174,717,35457,180,5883,537,29574,0.034003169208569474
500000,43,Amount LR,Bank_C,0.5479332134874146,0.027491824454535053,0.9382403908979858,0.06086074481959136,0.03449408672798949,0.25830258302583026,0.1669838925030539,0.5456593452613883,36014,813,35201,210,5878,603,29323,0.034003169208569474
500000,43,Amount LR,Bank_D,0.5403781105043484,0.034608011360683394,0.9498959176593038,0.07384087006296508,0.04341241797072186,0.24688995215311005,0.16436336301607493,0.5412632945685175,35633,1045,34588,258,5685,787,28903,0.034003169208569474
500000,43,Context LR,Bank_A,0.4661800735359629,0.014423373995291672,0.9677760757554658,0.0030627871362940277,0.014285714285714285,0.0017152658662092624,0.0019217379195098176,0.4998967639733497,36488,583,35905,1,69,582,35836,0.042158611956237
500000,43,Context LR,Bank_B,0.431504103680066,0.016127262297262752,0.9618411033082325,0.011878247958426132,0.012698412698412698,0.011157601115760111,0.017542375271455565,0.4968076129221523,36174,717,35457,8,622,709,34835,0.042158611956237
500000,43,Context LR,Bank_C,0.4567172889705659,0.019919215529360816,0.9548592369534956,0.028555738605161998,0.016774193548387096,0.0959409594095941,0.12988267378767648,0.4830291428109588,36014,813,35201,78,4572,735,30629,0.042158611956237
500000,43,Context LR,Bank_D,0.4393370657633286,0.02471466928398406,0.9561986816236845,0.039605687865305765,0.02178921098099443,0.21722488038277513,0.29463975945414594,0.46129256046431466,35633,1045,34588,227,10191,818,24397,0.042158611956237
500000,44,Amount LR,Bank_A,0.5525502376415057,0.020299278389811326,0.9540047360356596,0.04605362823814574,0.025178068577107835,0.2695035460992908,0.16395041092074106,0.5527765675892748,36459,564,35895,152,5885,412,30010,0.033914005959692295
500000,44,Amount LR,Bank_B,0.5399509791903659,0.023214263393840136,0.9418637387387387,0.05052372150338879,0.028261244184042737,0.23802612481857766,0.15875563063063064,0.5396352470939736,36209,689,35520,164,5639,525,29881,0.033914005959692295
500000,44,Amount LR,Bank_C,0.5386821720793541,0.029483885933952805,0.9447452410805882,0.06333483415878734,0.03630419821059876,0.24794359576968272,0.15960902769862076,0.5441672840355309,35943,851,35092,211,5601,640,29491,0.033914005959692295
500000,44,Amount LR,Bank_D,0.5400908893834814,0.03427138562169976,0.941883247853397,0.06991370484130467,0.04120689655172414,0.2304725168756027,0.16023166023166024,0.5351204283219713,35743,1037,34706,239,5561,798,29145,0.033914005959692295
500000,44,Context LR,Bank_A,0.46515916695563,0.014406503783573853,0.9614988159910851,0.007380073800738007,0.012048192771084338,0.005319148936170213,0.006853322189720017,0.49923291337322506,36459,564,35895,3,246,561,35649,0.03865443481979482
500000,44,Context LR,Bank_B,0.45622858889368323,0.016451572193644747,0.9552927927927928,0.01440922190201729,0.010768126346015794,0.02177068214804064,0.038795045045045044,0.49148781855149776,36209,689,35520,15,1378,674,34142,0.03865443481979482
500000,44,Context LR,Bank_C,0.45280563844066485,0.020704692622965162,0.9499886013906303,0.030933062880324543,0.0173369333522808,0.14336075205640422,0.1970534594779437,0.47315364628923023,35943,851,35092,122,6915,729,28177,0.03865443481979482
500000,44,Context LR,Bank_D,0.4596287281271233,0.025336489418261977,0.9482510228778885,0.0442932261057841,0.023664727657324167,0.3452266152362584,0.4255748285599032,0.4598258933381776,35743,1037,34706,358,14770,679,19936,0.03865443481979482
500000,45,Amount LR,Bank_A,0.5498160233959126,0.019834724557471147,0.9340729975965569,0.04530077952640094,0.02480270574971815,0.26101694915254237,0.16921916047174557,0.5458988943403984,36372,590,35782,154,6055,436,29727,0.03444609161282044
500000,45,Amount LR,Bank_B,0.5450767920333376,0.02366276693055486,0.9362890261443438,0.05114320096269555,0.028648466464442197,0.23809523809523808,0.1625631046055786,0.5377660667448297,36171,714,35457,170,5764,544,29693,0.03444609161282044
500000,45,Amount LR,Bank_C,0.5552892178152297,0.029446245727659984,0.9340474630352411,0.06509838733540464,0.03713080168776371,0.2637889688249401,0.16253098202330418,0.550628993400818,35935,834,35101,220,5705,614,29396,0.03444609161282044
500000,45,Amount LR,Bank_D,0.5728862580004926,0.04090086419035638,0.9342436427806868,0.08734249713631156,0.051450742240215924,0.28882575757575757,0.16266959817166662,0.5630780797020455,35623,1056,34567,305,5623,751,28944,0.03444609161282044
500000,45,Context LR,Bank_A,0.46945832058349574,0.014673560931344228,0.9554245151193338,0.002229654403567447,0.003257328990228013,0.001694915254237288,0.008551785814096474,0.49657156472007047,36372,590,35782,1,306,589,35476,0.03921200218298127
500000,45,Context LR,Bank_B,0.4544186120735346,0.01709813178714021,0.9645768113489579,0.018340210912425492,0.013633265167007498,0.028011204481792718,0.04080999520546014,0.49360060463816624,36171,714,35457,20,1447,694,34010,0.03921200218298127
500000,45,Context LR,Bank_C,0.4627530817714991,0.02059527424682492,0.9487478989202587,0.030960507069722087,0.01723202170963365,0.15227817745803357,0.20634739751004244,0.4729653899739955,35935,834,35101,127,7243,707,27858,0.03921200218298127
500000,45,Context LR,Bank_D,0.4964658281107133,0.028997364756047604,0.9548123933231116,0.05337704918032787,0.028674087642665914,0.3854166666666667,0.3988486128388347,0.49328402691391604,35623,1056,34567,407,13787,649,20780,0.03921200218298127
500000,46,Amount LR,Bank_A,0.5574260094933771,0.021825554209765743,0.9557756696428571,0.050007441583568985,0.027352653858677956,0.29116117850953205,0.16668526785714285,0.5622379553261946,36417,577,35840,168,5974,409,29866,0.03465930272236233
500000,46,Amount LR,Bank_B,0.5492766873766648,0.022689469812530783,0.951764606788893,0.0483048304830483,0.026708692767086928,0.25235109717868337,0.16472471011034057,0.5438131935341713,36255,638,35617,161,5867,477,29750,0.03465930272236233
500000,46,Amount LR,Bank_C,0.5490168242689047,0.029271471764087363,0.9488242644552993,0.06508355321020229,0.036969192339716905,0.2717258261933905,0.1642337839372941,0.5537460211280483,36029,817,35212,222,5783,595,29429,0.03465930272236233
500000,46,Amount LR,Bank_D,0.5460020748557327,0.03623756720820457,0.9403994566002832,0.07725445146467548,0.0453778677462888,0.25965250965250963,0.16356909558632252,0.5480417070330935,35633,1036,34597,269,5659,767,28938,0.03465930272236233
500000,46,Context LR,Bank_A,0.475643675337336,0.015248260356926918,0.9661830357142858,0.0062402496099844,0.03125,0.0034662045060658577,0.0017299107142857142,0.5008681468958901,36417,577,35840,2,62,575,35778,0.04392251953597711
500000,46,Context LR,Bank_B,0.4680646758887196,0.01577394082593006,0.9591767975966533,0.010622154779969651,0.010294117647058823,0.0109717868338558,0.01889547126372238,0.49603815778506666,36255,638,35617,7,673,631,34944,0.04392251953597711
500000,46,Context LR,Bank_C,0.4736560892018146,0.021028502547339595,0.9537657616721572,0.0283178360101437,0.01711366538952746,0.08200734394124846,0.1092809269567193,0.4863632084922646,36029,817,35212,67,3848,750,31364,0.04392251953597711
500000,46,Context LR,Bank_D,0.4765284735224325,0.02696826121502308,0.9480012717865711,0.04753696815748889,0.02623410433563633,0.2528957528957529,0.2810937364511374,0.48590100822230775,35633,1036,34597,262,9725,774,24872,0.04392251953597711
