scale,seed,model,population,auroc,ap,fpr95,f1,precision,recall,fpr,balanced_accuracy,support,positive,negative,tp,fp,fn,tn,threshold,brier,fit_seconds
50000,42,Amount LR,known,0.5261687331286675,0.023239825197182158,0.935518195360715,0.04205607476635514,0.023989338071968014,0.17034700315457413,0.15584876214797475,0.5072491205032997,14414,317,14097,54,2197,263,11900,0.03240999492849142,0.021558323525323803,0.014790299988817424
50000,42,Amount LR,all_late,0.5340801601559704,0.06689273322646291,0.9386394268284032,0.11320754716981132,0.078052874527906,0.2059800664451827,0.15584876214797475,0.525065652148604,15000,903,14097,186,2197,717,11900,0.03240999492849142,0.05751194607149905,0.014790299988817424
50000,42,Context LR,known,0.543020205431095,0.02445342724897534,0.943675959423991,0.037055583375062595,0.022023809523809525,0.1167192429022082,0.11654962048662836,0.5000848112077899,14414,317,14097,37,1643,280,12454,0.038779820917630395,0.02158128281992205,0.029659499996341765
50000,42,Context LR,all_late,0.5955078996646475,0.08285063400510637,0.8996240334823012,0.12725266642147848,0.09526431718061674,0.19158361018826134,0.11654962048662836,0.5375169948508165,15000,903,14097,173,1643,730,12454,0.038779820917630395,0.057288866854707896,0.029659499996341765
50000,43,Amount LR,known,0.5934615355914242,0.028725727897420398,0.9451297320289238,0.06857994781960491,0.03836530442035029,0.32280701754385965,0.16347653480788318,0.5796652413679882,14391,285,14106,92,2306,193,11800,0.034480511269055554,0.01948184867998818,0.016914399981033057
50000,43,Amount LR,all_late,0.5567271737065256,0.074480085161096,0.9566850985396286,0.13465461964441855,0.0910524241229799,0.25838926174496646,0.16347653480788318,0.5474563634685415,15000,894,14106,231,2306,663,11800,0.034480511269055554,0.0568320193313861,0.016914399981033057
50000,43,Context LR,known,0.5296830265085655,0.020964156518944996,0.9536367503190132,0.032509752925877766,0.019952114924181964,0.08771929824561403,0.08705515383524741,0.5003320722051834,14391,285,14106,25,1228,260,12878,0.043220669817092314,0.019577508233076444,0.03028819998144172
50000,43,Context LR,all_late,0.6001841759944123,0.0827361128531465,0.8936622713738834,0.1262693156732892,0.10430342815463166,0.1599552572706935,0.08705515383524741,0.5364500517177231,15000,894,14106,143,1228,751,12878,0.043220669817092314,0.05662158906567257,0.03028819998144172
50000,44,Amount LR,known,0.5374692412547798,0.023446513595993018,0.9400934711797196,0.039190071848465055,0.02413515687851971,0.10416666666666667,0.08589434924231695,0.5091361587121749,14410,288,14122,30,1213,258,12909,0.033367798920021154,0.019645779574289847,0.012113299977499992
50000,44,Amount LR,all_late,0.531153753219181,0.06646291779576788,0.9446962186659114,0.08953860210141618,0.07475209763539283,0.11161731207289294,0.08589434924231695,0.512861481415288,15000,878,14122,98,1213,780,12909,0.033367798920021154,0.05600094828586663,0.012113299977499992
50000,44,Context LR,known,0.5345515861775951,0.022835917902978654,0.9548930746353208,0.042105263157894736,0.026871401151631478,0.09722222222222222,0.07180286078459142,0.5127096807188154,14410,288,14122,28,1014,260,13108,0.04214872153429678,0.0196920154805739,0.024371800012886524
50000,44,Context LR,all_late,0.5943846319366639,0.08246651811884863,0.9211868007364395,0.11928429423459244,0.10582010582010581,0.1366742596810934,0.07180286078459142,0.5324356994482511,15000,878,14122,120,1014,758,13108,0.04214872153429678,0.05574985614522195,0.024371800012886524
50000,45,Amount LR,known,0.5414297174135791,0.026270481609125144,0.9714750849377124,0.053353658536585365,0.030316154179298397,0.2222222222222222,0.15847961494903737,0.5318713036365925,14443,315,14128,70,2239,245,11889,0.03493094836061137,0.021408358800372913,0.01565600000321865
50000,45,Amount LR,all_late,0.5493296625479236,0.07372407493700366,0.950099093997735,0.12646793134598014,0.08574928542262147,0.2408256880733945,0.15847961494903737,0.5411730365621786,15000,872,14128,210,2239,662,11889,0.03493094836061137,0.05542785184335936,0.01565600000321865
50000,45,Context LR,known,0.542151800319977,0.02468904023302849,0.9302802944507361,0.04887682053813873,0.026498929336188436,0.3142857142857143,0.2574320498301246,0.5284268322277949,14443,315,14128,99,3637,216,10491,0.03686847547238646,0.02147377644341579,0.030794799997238442
50000,45,Context LR,all_late,0.6032550852234355,0.08526935576081615,0.8963759909399773,0.14253347064881566,0.08686919407481798,0.3967889908256881,0.2574320498301246,0.5696784704977818,15000,872,14128,346,3637,526,10491,0.03686847547238646,0.05514015008198996,0.030794799997238442
50000,46,Amount LR,known,0.5679052153097899,0.03086985825973934,0.9193879719487144,0.06787186806216301,0.037742504409171075,0.33647798742138363,0.19324219026705391,0.5716178985771649,14435,318,14117,107,2728,211,11389,0.03417612107882128,0.021579072990801182,0.011746799980755895
50000,46,Amount LR,all_late,0.543223470316946,0.0716312935885857,0.9464475455125027,0.12998446400828587,0.08425646189996643,0.2842582106455266,0.19324219026705391,0.5455080101892364,15000,883,14117,251,2728,632,11389,0.03417612107882128,0.056155706154694326,0.011746799980755895
50000,46,Context LR,known,0.5448952442815055,0.025771008408832133,0.9365304243111142,0.04293116210214656,0.028073572120038724,0.09119496855345911,0.07111992632995678,0.5100375211117512,14435,318,14117,29,1004,289,13113,0.04455962442730637,0.021635940309997607,0.03303419999429025
50000,46,Context LR,all_late,0.59615576378319,0.08086364618569866,0.895728554225402,0.09008097165991903,0.08142726440988106,0.10079275198187995,0.07111992632995678,0.5148364128259615,15000,883,14117,89,1004,794,13113,0.04455962442730637,0.05594695097857571,0.03303419999429025
100000,42,Amount LR,known,0.538986809349512,0.025138215527060057,0.9457411014698069,0.053286590709903596,0.02980392156862745,0.2512396694214876,0.17524349211970958,0.537998088650889,28840,605,28235,152,4948,453,23287,0.03239939596958087,0.0205872977671559,0.03126660000998527
100000,42,Amount LR,all_late,0.532303527004988,0.06876526385337525,0.9457411014698069,0.12144955925563174,0.08063916759568933,0.24589235127478754,0.17524349211970958,0.535324429577539,30000,1765,28235,434,4948,1331,23287,0.03239939596958087,0.05624183035636623,0.03126660000998527
100000,42,Context LR,known,0.4793891878522495,0.019607697613647564,0.9356826633610766,0.028397565922920892,0.016771488469601678,0.09256198347107437,0.1162741278554985,0.488143927807788,28840,605,28235,56,3283,549,24952,0.04086019215824577,0.02071385039098389,0.06845660001272336
100000,42,Context LR,all_late,0.5866198854113418,0.08139726980534248,0.9089428014875155,0.12027555390057718,0.08957293399889074,0.1830028328611898,0.1162741278554985,0.5333643525028458,30000,1765,28235,323,3283,1442,24952,0.04086019215824577,0.056015859730920145,0.06845660001272336
100000,43,Amount LR,known,0.5396734717132424,0.02829563931340459,0.947538194321364,0.06294342368564672,0.035743801652892565,0.2633181126331811,0.16543192371769877,0.5489430944577411,28868,657,28211,173,4667,484,23544,0.03411140685525469,0.022283942796114287,0.025183499994454905
100000,43,Amount LR,all_late,0.5528681304595993,0.07560655663851157,0.9455886001914147,0.1392131431041937,0.09378640776699029,0.2699832308552264,0.16543192371769877,0.5522756535687638,30000,1789,28211,483,4667,1306,23544,0.03411140685525469,0.0568621914730318,0.025183499994454905
100000,43,Context LR,known,0.5146624747290571,0.023779527530348774,0.9433554287334728,0.039415562351342165,0.02537182852143482,0.0882800608828006,0.07897628584594661,0.504651887518427,28868,657,28211,58,2228,599,25983,0.044506692834373765,0.022366149113691662,0.052962299989303574
100000,43,Context LR,all_late,0.6022919911655914,0.09058599245892004,0.913154443302258,0.14628518689432396,0.12455795677799607,0.1771939631078815,0.07897628584594661,0.5491088386309674,30000,1789,28211,317,2228,1472,25983,0.044506692834373765,0.05659296212170084,0.052962299989303574
100000,44,Amount LR,known,0.5292600931919818,0.02543809608781183,0.9479709374446217,0.05380504882992445,0.03032191069574247,0.238562091503268,0.16547935495303917,0.5365413682751144,28827,612,28215,146,4669,466,23546,0.03494422475603417,0.02086093837832349,0.025586300005670637
100000,44,Amount LR,all_late,0.535439519773885,0.07029220403096392,0.9493886230728336,0.1268320998403715,0.08558558558558559,0.24481792717086834,0.16547935495303917,0.5396692861089146,30000,1785,28215,437,4669,1348,23546,0.03494422475603417,0.05675285268081461,0.025586300005670637
100000,44,Context LR,known,0.5233814466184608,0.022776426748726732,0.9436469962785752,0.04005340453938585,0.023938716884774978,0.12254901960784313,0.10838206627680312,0.50708347666552,28827,612,28215,75,3058,537,25157,0.043494633624934456,0.0209341069123634,0.0638537000049837
100000,44,Context LR,all_late,0.5863940897996626,0.08148131696062419,0.9142300194931774,0.12286821705426357,0.09392592592592593,0.17759103641456583,0.10838206627680312,0.5346044850688814,30000,1785,28215,317,3058,1468,25157,0.043494633624934456,0.056536825986902024,0.0638537000049837
100000,45,Amount LR,known,0.5312049363075732,0.02435142882955297,0.9562092891532143,0.04854900529293667,0.027192803107748926,0.2261904761904762,0.16843670348343245,0.5288768863535219,28836,588,28248,133,4758,455,23490,0.03380967674183954,0.020067001278846728,0.027136000018799677
100000,45,Amount LR,all_late,0.5380859690717184,0.06940481371240806,0.957625318606627,0.12202509736045002,0.08164447017950202,0.24143835616438356,0.16843670348343245,0.5365008263404756,30000,1752,28248,423,4758,1329,23490,0.03380967674183954,0.055739421638285644,0.027136000018799677
100000,45,Context LR,known,0.5004918775779924,0.019856121633955878,0.9291985273293685,0.023759608665269043,0.014951627088830254,0.05782312925170068,0.07929764939110734,0.4892627399302967,28836,588,28248,34,2240,554,26008,0.044722668137498596,0.0201640628172348,0.04460420002578758
100000,45,Context LR,all_late,0.592869103595163,0.08215814360318108,0.8889124893797791,0.11964201601507302,0.10184442662389735,0.1449771689497717,0.07929764939110734,0.5328397597793322,30000,1752,28248,254,2240,1498,26008,0.044722668137498596,0.055502880962653794,0.04460420002578758
100000,46,Amount LR,known,0.5638908582565709,0.027273476090610614,0.941727330553396,0.05962872679542471,0.033424427159974776,0.2760416666666667,0.1624849812707612,0.5567783426979528,28874,576,28298,159,4598,417,23700,0.03452046541185249,0.019632237887551498,0.029629399999976158
100000,46,Amount LR,all_late,0.5375966744399603,0.06851777828661115,0.9450491200791575,0.12639405204460966,0.0846107903643241,0.24970622796709754,0.1624849812707612,0.5436106233481682,30000,1702,28298,425,4598,1277,23700,0.03452046541185249,0.054165504189019505,0.029629399999976158
100000,46,Context LR,known,0.5104264214785498,0.020281556425224855,0.9361792352816454,0.03474387527839644,0.01992846193152785,0.13541666666666666,0.13555728320022617,0.49992969173322027,28874,576,28298,78,3836,498,24462,0.04103869087590687,0.019739854673250613,0.051935199997387826
100000,46,Context LR,all_late,0.5999744493700128,0.08099404714968987,0.9007350342780408,0.13283884018880648,0.09314420803782505,0.23149236192714454,0.13555728320022617,0.5479675393634592,30000,1702,28298,394,3836,1308,24462,0.04103869087590687,0.05392415444874824,0.051935199997387826
500000,42,Amount LR,known,0.5490597634529808,0.02701898009605903,0.9468847352024922,0.05991611743559017,0.03379234603362338,0.264026402640264,0.1619512885868026,0.5510375570267307,144270,3030,141240,800,22874,2230,118366,0.03499076424053525,0.02063323418309473,0.19427209999412298
500000,42,Amount LR,all_late,0.5475523534862128,0.07169986167050774,0.9433305012744265,0.13197909592843013,0.08901190808076785,0.2551369863013699,0.1619512885868026,0.5465928488572837,150000,8760,141240,2235,22874,6525,118366,0.03499076424053525,0.05569637287948198,0.19427209999412298
500000,42,Context LR,known,0.5182154360295843,0.02183352142404747,0.9395355423392806,0.03526004281576628,0.02178649237472767,0.0924092409240924,0.08901161144151798,0.5016988147412872,144270,3030,141240,280,12572,2750,128668,0.04528913573590316,0.020733798608443092,0.33494589998736046
500000,42,Context LR,all_late,0.605359129963054,0.08573985906383708,0.9051685075049561,0.13032998816775493,0.1057685468383242,0.16974885844748858,0.08901161144151798,0.5403686235029853,150000,8760,141240,1487,12572,7273,128668,0.04528913573590316,0.055429655268497906,0.33494589998736046
500000,43,Amount LR,known,0.5439178432913456,0.026490612338638506,0.944888807022267,0.05895675043834015,0.033322322239656456,0.25554148195060167,0.16585784018533345,0.5448418208826341,144309,3158,141151,807,23411,2351,117740,0.034003169208569474,0.02145995011467001,0.1739817000052426
500000,43,Amount LR,all_late,0.5493653340562578,0.07351291336304355,0.9425650544452395,0.13450529115827214,0.09037572366631698,0.26285455983726974,0.16585784018533345,0.5484983598259682,150000,8849,141151,2326,23411,6523,117740,0.034003169208569474,0.05627490036236813,0.1739817000052426
500000,43,Context LR,known,0.4995000009624124,0.02135417848235098,0.9374995572117802,0.03318186621578781,0.01991374936580416,0.09943001899936668,0.10948558635787206,0.4949722163207473,144309,3158,141151,314,15454,2844,125697,0.042158611956237,0.021562531832722887,0.29987650000839494
500000,43,Context LR,all_late,0.6023839902690343,0.08589107448112412,0.8976273636035168,0.13527200184147933,0.10239879189173491,0.19923155158775002,0.10948558635787206,0.544872982614939,150000,8849,141151,1763,15454,7086,125697,0.042158611956237,0.056035456947353526,0.29987650000839494
500000,44,Amount LR,known,0.5417626707740545,0.026560308056612195,0.945486605340868,0.057609145263791225,0.03266245949172778,0.24387137854186564,0.16065093157145588,0.5416102234852048,144354,3141,141213,766,22686,2375,118527,0.033914005959692295,0.02133621582515383,0.16374800002085976
500000,44,Amount LR,all_late,0.5399655573747203,0.06945345088670374,0.9460035549134994,0.12465365708327127,0.08442973605617887,0.23807898031182428,0.16065093157145588,0.5387140243701842,150000,8787,141213,2092,22686,6695,118527,0.033914005959692295,0.055929493967876893,0.16374800002085976
500000,44,Context LR,known,0.5135641236667432,0.022063264926484784,0.9423565819010997,0.03696007124833012,0.02091821733103709,0.15854823304680038,0.1650627066913103,0.4967427631777451,144354,3141,141213,498,23309,2643,117904,0.03865443481979482,0.021424968685589376,0.2772118999855593
500000,44,Context LR,all_late,0.5985349991895924,0.08266247646453581,0.9063046603358048,0.13590428621210363,0.0912316269640142,0.26630249231819736,0.1650627066913103,0.5506198928134436,150000,8787,141213,2340,23309,6447,117904,0.03865443481979482,0.055692263190013525,0.2772118999855593
500000,45,Amount LR,known,0.5575087875877257,0.028128843922428846,0.934020311269135,0.06244942993747701,0.03538089681613602,0.2658108954289292,0.16427146983471366,0.5507697127971078,144101,3194,140907,849,23147,2345,117760,0.03444609161282044,0.021715167512194537,0.19108429999323562
500000,45,Amount LR,all_late,0.5506141707656764,0.07424608751023853,0.937959079392791,0.1364700442183752,0.0925591971146307,0.2596502804354998,0.16427146983471366,0.5476894053003931,150000,9093,140907,2361,23147,6732,117760,0.03444609161282044,0.05779403217577526,0.19108429999323562
500000,45,Context LR,known,0.5186272556194986,0.023415762757335437,0.9468443725293988,0.04183627317955676,0.023780958094095465,0.17376330619912336,0.1616882056959555,0.5060375502515839,144101,3194,140907,555,22783,2639,118124,0.03921200218298127,0.021798169197509473,0.2982348999939859
500000,45,Context LR,all_late,0.6022354330638056,0.08801375892642599,0.9049940741056157,0.1429653364404311,0.0972381820343147,0.2698779280765424,0.1616882056959555,0.5540948611902935,150000,9093,140907,2454,22783,6639,118124,0.03921200218298127,0.05755103548290534,0.2982348999939859
500000,46,Amount LR,known,0.549366575194833,0.02724326815562735,0.9480554415075106,0.06035847042802989,0.03402066132846534,0.26727509778357234,0.16481672872453385,0.5512291845295192,144334,3068,141266,820,23283,2248,117983,0.03465930272236233,0.020867354914156543,0.28217530000256374
500000,46,Amount LR,all_late,0.543795513689546,0.07087114196980178,0.9433338524485722,0.13023038514322421,0.0874064202563399,0.2553240210670941,0.16481672872453385,0.5452536461712801,150000,8734,141266,2230,23283,6504,117983,0.03465930272236233,0.05555358584156476,0.28217530000256374
500000,46,Context LR,known,0.52360511883312,0.022588458941877734,0.9429728313960897,0.038161905837190924,0.023077973508125085,0.11016949152542373,0.10128410233177126,0.5044426945968262,144334,3068,141266,338,14308,2730,126958,0.04392251953597711,0.020956791302690445,0.37801949999993667
500000,46,Context LR,all_late,0.6031637016089557,0.08513593726682592,0.9024606062322144,0.13251205576042469,0.10255284450856175,0.18719945042363179,0.10128410233177126,0.5429576740459303,150000,8734,141266,1635,14308,7099,126958,0.04392251953597711,0.05529035269064208,0.37801949999993667
