scale,seed,model,bin,rows,sum_probability,positives
500000,42,Amount LR,0,144270,4388.358788572608,3030
500000,42,Amount LR,1,0,0.0,0
500000,42,Amount LR,2,0,0.0,0
500000,42,Amount LR,3,0,0.0,0
500000,42,Amount LR,4,0,0.0,0
500000,42,Amount LR,5,0,0.0,0
500000,42,Amount LR,6,0,0.0,0
500000,42,Amount LR,7,0,0.0,0
500000,42,Amount LR,8,0,0.0,0
500000,42,Amount LR,9,0,0.0,0
500000,42,Context LR,0,144270,4381.582270148268,3030
500000,42,Context LR,1,0,0.0,0
500000,42,Context LR,2,0,0.0,0
500000,42,Context LR,3,0,0.0,0
500000,42,Context LR,4,0,0.0,0
500000,42,Context LR,5,0,0.0,0
500000,42,Context LR,6,0,0.0,0
500000,42,Context LR,7,0,0.0,0
500000,42,Context LR,8,0,0.0,0
500000,42,Context LR,9,0,0.0,0
500000,43,Amount LR,0,144309,4340.865626219919,3158
500000,43,Amount LR,1,0,0.0,0
500000,43,Amount LR,2,0,0.0,0
500000,43,Amount LR,3,0,0.0,0
500000,43,Amount LR,4,0,0.0,0
500000,43,Amount LR,5,0,0.0,0
500000,43,Amount LR,6,0,0.0,0
500000,43,Amount LR,7,0,0.0,0
500000,43,Amount LR,8,0,0.0,0
500000,43,Amount LR,9,0,0.0,0
500000,43,Context LR,0,144309,4332.684427221512,3158
500000,43,Context LR,1,0,0.0,0
500000,43,Context LR,2,0,0.0,0
500000,43,Context LR,3,0,0.0,0
500000,43,Context LR,4,0,0.0,0
500000,43,Context LR,5,0,0.0,0
500000,43,Context LR,6,0,0.0,0
500000,43,Context LR,7,0,0.0,0
500000,43,Context LR,8,0,0.0,0
500000,43,Context LR,9,0,0.0,0
500000,44,Amount LR,0,144354,4278.526547527565,3141
500000,44,Amount LR,1,0,0.0,0
500000,44,Amount LR,2,0,0.0,0
500000,44,Amount LR,3,0,0.0,0
500000,44,Amount LR,4,0,0.0,0
500000,44,Amount LR,5,0,0.0,0
500000,44,Amount LR,6,0,0.0,0
500000,44,Amount LR,7,0,0.0,0
500000,44,Amount LR,8,0,0.0,0
500000,44,Amount LR,9,0,0.0,0
500000,44,Context LR,0,144354,4281.554819449264,3141
500000,44,Context LR,1,0,0.0,0
500000,44,Context LR,2,0,0.0,0
500000,44,Context LR,3,0,0.0,0
500000,44,Context LR,4,0,0.0,0
500000,44,Context LR,5,0,0.0,0
500000,44,Context LR,6,0,0.0,0
500000,44,Context LR,7,0,0.0,0
500000,44,Context LR,8,0,0.0,0
500000,44,Context LR,9,0,0.0,0
500000,45,Amount LR,0,144101,4343.170876176995,3194
500000,45,Amount LR,1,0,0.0,0
500000,45,Amount LR,2,0,0.0,0
500000,45,Amount LR,3,0,0.0,0
500000,45,Amount LR,4,0,0.0,0
500000,45,Amount LR,5,0,0.0,0
500000,45,Amount LR,6,0,0.0,0
500000,45,Amount LR,7,0,0.0,0
500000,45,Amount LR,8,0,0.0,0
500000,45,Amount LR,9,0,0.0,0
500000,45,Context LR,0,144101,4343.819092852,3194
500000,45,Context LR,1,0,0.0,0
500000,45,Context LR,2,0,0.0,0
500000,45,Context LR,3,0,0.0,0
500000,45,Context LR,4,0,0.0,0
500000,45,Context LR,5,0,0.0,0
500000,45,Context LR,6,0,0.0,0
500000,45,Context LR,7,0,0.0,0
500000,45,Context LR,8,0,0.0,0
500000,45,Context LR,9,0,0.0,0
500000,46,Amount LR,0,144334,4356.056097857003,3068
500000,46,Amount LR,1,0,0.0,0
500000,46,Amount LR,2,0,0.0,0
500000,46,Amount LR,3,0,0.0,0
500000,46,Amount LR,4,0,0.0,0
500000,46,Amount LR,5,0,0.0,0
500000,46,Amount LR,6,0,0.0,0
500000,46,Amount LR,7,0,0.0,0
500000,46,Amount LR,8,0,0.0,0
500000,46,Amount LR,9,0,0.0,0
500000,46,Context LR,0,144334,4354.9395575567305,3068
500000,46,Context LR,1,0,0.0,0
500000,46,Context LR,2,0,0.0,0
500000,46,Context LR,3,0,0.0,0
500000,46,Context LR,4,0,0.0,0
500000,46,Context LR,5,0,0.0,0
500000,46,Context LR,6,0,0.0,0
500000,46,Context LR,7,0,0.0,0
500000,46,Context LR,8,0,0.0,0
500000,46,Context LR,9,0,0.0,0
