scale,seed,auroc,ap,fpr95,f1,precision,recall,fpr,balanced_accuracy,support,positive,negative,tp,fp,fn,tn,threshold,legacy_full_auroc,corrected_full_auroc,validation_false_alarm
50000,42,0.5378267407824494,0.045311745161923156,0.9466490911613709,0.05010155721056195,0.04152637485970819,0.06313993174061433,0.05924795337865964,0.5019459891809773,15000,586,14414,37,854,549,13560,155.8705,0.43858592671985985,0.5614275589775651,0.05
50000,43,0.5376633977699299,0.048270863660717964,0.9580293238829825,0.07048458149779736,0.05714285714285714,0.09195402298850575,0.06420679591411299,0.5138736135371963,15000,609,14391,56,924,553,13467,152.03199999999998,0.4397024726688305,0.5603121554191797,0.05
50000,44,0.527333890071631,0.04446366087556777,0.9518390006939625,0.06157965194109773,0.05088495575221239,0.07796610169491526,0.059541984732824425,0.5092120584810454,15000,590,14410,46,858,544,13552,153.0305,0.4521558457596246,0.5478583900191754,0.05
50000,45,0.5528755333757378,0.05026709875163261,0.9467562140829467,0.07666886979510905,0.060669456066945605,0.10412926391382406,0.06217544831406217,0.5209769077998809,15000,557,14443,58,898,499,13545,152.38199999999998,0.42432449734204203,0.5756900452731036,0.05
50000,46,0.5278231069395612,0.043185193880312917,0.9625216487703498,0.05987261146496815,0.046766169154228855,0.0831858407079646,0.06636647038448217,0.5084096851617412,15000,565,14435,47,958,518,13477,151.94449999999992,0.45346679424398356,0.5465501046784417,0.05
100000,42,0.5280140728872734,0.04501165917711465,0.9462898751733703,0.06798316607316283,0.05443234836702955,0.09051724137931035,0.06324549237170596,0.5136358745038021,30000,1160,28840,105,1824,1055,27016,150.67149999999995,0.4515857830139968,0.5484291924252361,0.05
100000,43,0.5595744747261937,0.0490666449833016,0.9452681169460995,0.071731333550701,0.056847545219638244,0.09717314487632508,0.06321878897048636,0.5169771779529194,30000,1132,28868,110,1825,1022,27043,152.84599999999978,0.4206613743906105,0.5793505181838625,0.05
100000,44,0.5379993435277285,0.0462668842373152,0.950254969299615,0.06829268292682927,0.055205047318611984,0.08951406649616368,0.06233739202830679,0.5135883372339285,30000,1173,28827,105,1797,1068,27030,151.86149999999998,0.43968149634772574,0.5603313784589224,0.05
100000,45,0.5409216071548594,0.04679798732163839,0.9586974615064503,0.06547997457088366,0.05196770938446014,0.08848797250859107,0.06516160355111666,0.5116631844787372,30000,1164,28836,103,1879,1061,26957,150.23199999999997,0.437527328411994,0.5624873614786771,0.05
100000,46,0.5229032252706713,0.04303115934814583,0.9457297222414629,0.06903225806451613,0.054204660587639314,0.09502664298401421,0.06466024797395581,0.5151831975050293,30000,1126,28874,107,1867,1019,27007,150.62299999999996,0.45528072382774265,0.5447334769253122,0.05
500000,42,0.5457009520519204,0.0461354949460834,0.941810494212241,0.06948855901990017,0.05527482726616479,0.09354275741710297,0.06349899494004298,0.51502188123853,150000,5730,144270,536,9161,5194,135109,150.91249999999943,0.4338113979927244,0.5662019380847974,0.05
500000,43,0.551441860577592,0.048490232176370884,0.941618332882911,0.08218268720127456,0.0660407553611437,0.10876823053944826,0.060661497203916594,0.5240533666677658,150000,5691,144309,619,8754,5072,135555,153.46099999999979,0.4298655883234509,0.570148332733647,0.05
500000,44,0.5380461048615427,0.044164286017055264,0.946104714798343,0.06582477262317608,0.05219466638995538,0.08908962097059865,0.06327500450281946,0.5129073082338896,150000,5646,144354,503,9134,5143,135220,152.06049999999988,0.4413707022131027,0.5586428878380324,0.05
500000,45,0.5456153613763483,0.0475709765128128,0.9413813922179582,0.07166795565867491,0.057814287199750444,0.09425326326496017,0.062879508122775,0.5156868775710926,150000,5899,144101,556,9061,5343,135040,152.01349999999917,0.4341379088708622,0.5658757882421714,0.05
500000,46,0.5397154600491268,0.04503344009749315,0.9413513101556112,0.06848054679284964,0.05455497382198953,0.09195199435227674,0.06255629304252636,0.5146978506548753,150000,5666,144334,521,9029,5145,135305,152.34199999999953,0.4400004672218435,0.5600134565346322,0.05
