scale,seed,split,bank,rows,fraud_rate,unknown_rate
50000,42,train,Bank_A,6250,0.0208,0.0
50000,42,train,Bank_B,6250,0.02912,0.0
50000,42,train,Bank_C,6250,0.02736,0.0
50000,42,train,Bank_D,6250,0.03728,0.0
50000,42,validation,Bank_A,2500,0.0244,0.0
50000,42,validation,Bank_B,2500,0.0236,0.0
50000,42,validation,Bank_C,2500,0.0288,0.0
50000,42,validation,Bank_D,2500,0.0376,0.0
50000,42,test,Bank_A,3750,0.04666666666666667,0.03253333333333333
50000,42,test,Bank_B,3750,0.056,0.03386666666666667
50000,42,test,Bank_C,3750,0.0568,0.04053333333333333
50000,42,test,Bank_D,3750,0.08133333333333333,0.04933333333333333
50000,43,train,Bank_A,6250,0.02096,0.0
50000,43,train,Bank_B,6250,0.02688,0.0
50000,43,train,Bank_C,6250,0.03264,0.0
50000,43,train,Bank_D,6250,0.03776,0.0
50000,43,validation,Bank_A,2500,0.0192,0.0
50000,43,validation,Bank_B,2500,0.032,0.0
50000,43,validation,Bank_C,2500,0.03,0.0
50000,43,validation,Bank_D,2500,0.038,0.0
50000,43,test,Bank_A,3750,0.04133333333333333,0.027733333333333332
50000,43,test,Bank_B,3750,0.058666666666666666,0.04
50000,43,test,Bank_C,3750,0.0592,0.042666666666666665
50000,43,test,Bank_D,3750,0.0792,0.052
50000,44,train,Bank_A,6250,0.01872,0.0
50000,44,train,Bank_B,6250,0.02528,0.0
50000,44,train,Bank_C,6250,0.02928,0.0
50000,44,train,Bank_D,6250,0.03744,0.0
50000,44,validation,Bank_A,2500,0.022,0.0
50000,44,validation,Bank_B,2500,0.0288,0.0
50000,44,validation,Bank_C,2500,0.0316,0.0
50000,44,validation,Bank_D,2500,0.0396,0.0
50000,44,test,Bank_A,3750,0.04426666666666667,0.027733333333333332
50000,44,test,Bank_B,3750,0.056,0.040266666666666666
50000,44,test,Bank_C,3750,0.06026666666666667,0.039733333333333336
50000,44,test,Bank_D,3750,0.0736,0.0496
50000,45,train,Bank_A,6250,0.02048,0.0
50000,45,train,Bank_B,6250,0.02688,0.0
50000,45,train,Bank_C,6250,0.03056,0.0
50000,45,train,Bank_D,6250,0.04352,0.0
50000,45,validation,Bank_A,2500,0.0244,0.0
50000,45,validation,Bank_B,2500,0.0232,0.0
50000,45,validation,Bank_C,2500,0.0348,0.0
50000,45,validation,Bank_D,2500,0.0372,0.0
50000,45,test,Bank_A,3750,0.0408,0.029066666666666668
50000,45,test,Bank_B,3750,0.0544,0.0336
50000,45,test,Bank_C,3750,0.05973333333333333,0.03626666666666667
50000,45,test,Bank_D,3750,0.0776,0.0496
50000,46,train,Bank_A,6250,0.02064,0.0
50000,46,train,Bank_B,6250,0.02704,0.0
50000,46,train,Bank_C,6250,0.03248,0.0
50000,46,train,Bank_D,6250,0.03856,0.0
50000,46,validation,Bank_A,2500,0.0252,0.0
50000,46,validation,Bank_B,2500,0.0264,0.0
50000,46,validation,Bank_C,2500,0.0316,0.0
50000,46,validation,Bank_D,2500,0.0388,0.0
50000,46,test,Bank_A,3750,0.0392,0.026133333333333335
50000,46,test,Bank_B,3750,0.056,0.03546666666666667
50000,46,test,Bank_C,3750,0.068,0.0424
50000,46,test,Bank_D,3750,0.07226666666666667,0.04666666666666667
100000,42,train,Bank_A,12500,0.02192,0.0
100000,42,train,Bank_B,12500,0.02232,0.0
100000,42,train,Bank_C,12500,0.0316,0.0
100000,42,train,Bank_D,12500,0.0368,0.0
100000,42,validation,Bank_A,5000,0.0242,0.0
100000,42,validation,Bank_B,5000,0.026,0.0
100000,42,validation,Bank_C,5000,0.0326,0.0
100000,42,validation,Bank_D,5000,0.041,0.0
100000,42,test,Bank_A,7500,0.04493333333333333,0.028266666666666666
100000,42,test,Bank_B,7500,0.0536,0.03493333333333333
100000,42,test,Bank_C,7500,0.06213333333333333,0.040933333333333335
100000,42,test,Bank_D,7500,0.07466666666666667,0.05053333333333333
100000,43,train,Bank_A,12500,0.02064,0.0
100000,43,train,Bank_B,12500,0.02704,0.0
100000,43,train,Bank_C,12500,0.03296,0.0
100000,43,train,Bank_D,12500,0.03864,0.0
100000,43,validation,Bank_A,5000,0.0194,0.0
100000,43,validation,Bank_B,5000,0.0266,0.0
100000,43,validation,Bank_C,5000,0.0318,0.0
100000,43,validation,Bank_D,5000,0.0338,0.0
100000,43,test,Bank_A,7500,0.0484,0.0312
100000,43,test,Bank_B,7500,0.050666666666666665,0.03213333333333333
100000,43,test,Bank_C,7500,0.059333333333333335,0.0376
100000,43,test,Bank_D,7500,0.08013333333333333,0.05
100000,44,train,Bank_A,12500,0.02144,0.0
100000,44,train,Bank_B,12500,0.02488,0.0
100000,44,train,Bank_C,12500,0.03312,0.0
100000,44,train,Bank_D,12500,0.04,0.0
100000,44,validation,Bank_A,5000,0.0214,0.0
100000,44,validation,Bank_B,5000,0.025,0.0
100000,44,validation,Bank_C,5000,0.0338,0.0
100000,44,validation,Bank_D,5000,0.036,0.0
100000,44,test,Bank_A,7500,0.046533333333333336,0.0316
100000,44,test,Bank_B,7500,0.05413333333333333,0.03666666666666667
100000,44,test,Bank_C,7500,0.0644,0.0416
100000,44,test,Bank_D,7500,0.07293333333333334,0.046533333333333336
100000,45,train,Bank_A,12500,0.02152,0.0
100000,45,train,Bank_B,12500,0.02496,0.0
100000,45,train,Bank_C,12500,0.03584,0.0
100000,45,train,Bank_D,12500,0.03664,0.0
100000,45,validation,Bank_A,5000,0.0212,0.0
100000,45,validation,Bank_B,5000,0.0292,0.0
100000,45,validation,Bank_C,5000,0.0308,0.0
100000,45,validation,Bank_D,5000,0.0406,0.0
100000,45,test,Bank_A,7500,0.044,0.028133333333333333
100000,45,test,Bank_B,7500,0.05266666666666667,0.0348
100000,45,test,Bank_C,7500,0.0584,0.04013333333333333
100000,45,test,Bank_D,7500,0.07853333333333333,0.05213333333333333
100000,46,train,Bank_A,12500,0.02152,0.0
100000,46,train,Bank_B,12500,0.02672,0.0
100000,46,train,Bank_C,12500,0.03136,0.0
100000,46,train,Bank_D,12500,0.03904,0.0
100000,46,validation,Bank_A,5000,0.023,0.0
100000,46,validation,Bank_B,5000,0.0272,0.0
100000,46,validation,Bank_C,5000,0.0364,0.0
100000,46,validation,Bank_D,5000,0.0388,0.0
100000,46,test,Bank_A,7500,0.04306666666666667,0.027866666666666668
100000,46,test,Bank_B,7500,0.052,0.0348
100000,46,test,Bank_C,7500,0.059866666666666665,0.0404
100000,46,test,Bank_D,7500,0.072,0.047066666666666666
500000,42,train,Bank_A,62500,0.021632,0.0
500000,42,train,Bank_B,62500,0.026272,0.0
500000,42,train,Bank_C,62500,0.031584,0.0
500000,42,train,Bank_D,62500,0.04016,0.0
500000,42,validation,Bank_A,25000,0.021,0.0
500000,42,validation,Bank_B,25000,0.02596,0.0
500000,42,validation,Bank_C,25000,0.03108,0.0
500000,42,validation,Bank_D,25000,0.03812,0.0
500000,42,test,Bank_A,37500,0.042133333333333335,0.027653333333333332
500000,42,test,Bank_B,37500,0.05296,0.03477333333333334
500000,42,test,Bank_C,37500,0.06354666666666667,0.04176
500000,42,test,Bank_D,37500,0.07496,0.048613333333333335
500000,43,train,Bank_A,62500,0.021984,0.0
500000,43,train,Bank_B,62500,0.026336,0.0
500000,43,train,Bank_C,62500,0.03264,0.0
500000,43,train,Bank_D,62500,0.037712,0.0
500000,43,validation,Bank_A,25000,0.02116,0.0
500000,43,validation,Bank_B,25000,0.02612,0.0
500000,43,validation,Bank_C,25000,0.03136,0.0
500000,43,validation,Bank_D,25000,0.03724,0.0
500000,43,test,Bank_A,37500,0.04253333333333333,0.026986666666666666
500000,43,test,Bank_B,37500,0.05448,0.03536
500000,43,test,Bank_C,37500,0.06130666666666667,0.039626666666666664
500000,43,test,Bank_D,37500,0.07765333333333334,0.04978666666666667
500000,44,train,Bank_A,62500,0.021376,0.0
500000,44,train,Bank_B,62500,0.025776,0.0
500000,44,train,Bank_C,62500,0.031856,0.0
500000,44,train,Bank_D,62500,0.03768,0.0
500000,44,validation,Bank_A,25000,0.0226,0.0
500000,44,validation,Bank_B,25000,0.0254,0.0
500000,44,validation,Bank_C,25000,0.0298,0.0
500000,44,validation,Bank_D,25000,0.039,0.0
500000,44,test,Bank_A,37500,0.0428,0.02776
500000,44,test,Bank_B,37500,0.0528,0.03442666666666667
500000,44,test,Bank_C,37500,0.06421333333333333,0.04152
500000,44,test,Bank_D,37500,0.07450666666666667,0.04685333333333333
500000,45,train,Bank_A,62500,0.022192,0.0
500000,45,train,Bank_B,62500,0.026336,0.0
500000,45,train,Bank_C,62500,0.032512,0.0
500000,45,train,Bank_D,62500,0.037584,0.0
500000,45,validation,Bank_A,25000,0.02,0.0
500000,45,validation,Bank_B,25000,0.02568,0.0
500000,45,validation,Bank_C,25000,0.0324,0.0
500000,45,validation,Bank_D,25000,0.03732,0.0
500000,45,test,Bank_A,37500,0.04581333333333333,0.03008
500000,45,test,Bank_B,37500,0.05448,0.03544
500000,45,test,Bank_C,37500,0.06397333333333333,0.04173333333333333
500000,45,test,Bank_D,37500,0.07821333333333333,0.05005333333333333
500000,46,train,Bank_A,62500,0.021456,0.0
500000,46,train,Bank_B,62500,0.026384,0.0
500000,46,train,Bank_C,62500,0.032176,0.0
500000,46,train,Bank_D,62500,0.03872,0.0
500000,46,validation,Bank_A,25000,0.02144,0.0
500000,46,validation,Bank_B,25000,0.02516,0.0
500000,46,validation,Bank_C,25000,0.03292,0.0
500000,46,validation,Bank_D,25000,0.03904,0.0
500000,46,test,Bank_A,37500,0.04426666666666667,0.02888
500000,46,test,Bank_B,37500,0.05021333333333333,0.0332
500000,46,test,Bank_C,37500,0.061013333333333336,0.03922666666666667
500000,46,test,Bank_D,37500,0.07741333333333333,0.04978666666666667
