scale,seed,bin,rows,fraud_rate,unknown_rate
50000,42,1,5000,0.0292,0.0
50000,42,2,5000,0.0288,0.0
50000,42,3,5000,0.0304,0.0
50000,42,4,5000,0.0284,0.0
50000,42,5,5000,0.0264,0.0
50000,42,6,5000,0.0264,0.0
50000,42,7,5000,0.0308,0.0
50000,42,8,5000,0.0542,0.036
50000,42,9,5000,0.0628,0.039
50000,42,10,5000,0.0636,0.0422
50000,43,1,5000,0.0314,0.0
50000,43,2,5000,0.0254,0.0
50000,43,3,5000,0.0294,0.0
50000,43,4,5000,0.0304,0.0
50000,43,5,5000,0.0312,0.0
50000,43,6,5000,0.0304,0.0
50000,43,7,5000,0.0292,0.0
50000,43,8,5000,0.0582,0.0396
50000,43,9,5000,0.059,0.0408
50000,43,10,5000,0.0616,0.0414
50000,44,1,5000,0.0282,0.0
50000,44,2,5000,0.0252,0.0
50000,44,3,5000,0.028,0.0
50000,44,4,5000,0.024,0.0
50000,44,5,5000,0.033,0.0
50000,44,6,5000,0.031,0.0
50000,44,7,5000,0.03,0.0
50000,44,8,5000,0.0598,0.0408
50000,44,9,5000,0.0588,0.0382
50000,44,10,5000,0.057,0.039
50000,45,1,5000,0.0278,0.0
50000,45,2,5000,0.0306,0.0
50000,45,3,5000,0.0302,0.0
50000,45,4,5000,0.0304,0.0
50000,45,5,5000,0.0328,0.0
50000,45,6,5000,0.0284,0.0
50000,45,7,5000,0.0314,0.0
50000,45,8,5000,0.0614,0.039
50000,45,9,5000,0.057,0.0352
50000,45,10,5000,0.056,0.0372
50000,46,1,5000,0.026,0.0
50000,46,2,5000,0.032,0.0
50000,46,3,5000,0.0316,0.0
50000,46,4,5000,0.0302,0.0
50000,46,5,5000,0.0286,0.0
50000,46,6,5000,0.0316,0.0
50000,46,7,5000,0.0294,0.0
50000,46,8,5000,0.0632,0.0422
50000,46,9,5000,0.0562,0.0342
50000,46,10,5000,0.0572,0.0366
100000,42,1,10000,0.0273,0.0
100000,42,2,10000,0.0283,0.0
100000,42,3,10000,0.0283,0.0
100000,42,4,10000,0.026,0.0
100000,42,5,10000,0.0309,0.0
100000,42,6,10000,0.0313,0.0
100000,42,7,10000,0.0306,0.0
100000,42,8,10000,0.0582,0.0385
100000,42,9,10000,0.0577,0.0381
100000,42,10,10000,0.0606,0.0394
100000,43,1,10000,0.0294,0.0
100000,43,2,10000,0.0304,0.0
100000,43,3,10000,0.0266,0.0
100000,43,4,10000,0.0299,0.0
100000,43,5,10000,0.0328,0.0
100000,43,6,10000,0.026,0.0
100000,43,7,10000,0.0298,0.0
100000,43,8,10000,0.0632,0.0392
100000,43,9,10000,0.0597,0.0385
100000,43,10,10000,0.056,0.0355
100000,44,1,10000,0.0297,0.0
100000,44,2,10000,0.0294,0.0
100000,44,3,10000,0.0287,0.0
100000,44,4,10000,0.0328,0.0
100000,44,5,10000,0.0287,0.0
100000,44,6,10000,0.0285,0.0
100000,44,7,10000,0.0296,0.0
100000,44,8,10000,0.06,0.0385
100000,44,9,10000,0.0597,0.0408
100000,44,10,10000,0.0588,0.038
100000,45,1,10000,0.0284,0.0
100000,45,2,10000,0.0315,0.0
100000,45,3,10000,0.0285,0.0
100000,45,4,10000,0.0322,0.0
100000,45,5,10000,0.0281,0.0
100000,45,6,10000,0.0311,0.0
100000,45,7,10000,0.0298,0.0
100000,45,8,10000,0.0602,0.0392
100000,45,9,10000,0.0599,0.0398
100000,45,10,10000,0.0551,0.0374
100000,46,1,10000,0.0297,0.0
100000,46,2,10000,0.0297,0.0
100000,46,3,10000,0.0313,0.0
100000,46,4,10000,0.031,0.0
100000,46,5,10000,0.0266,0.0
100000,46,6,10000,0.0333,0.0
100000,46,7,10000,0.0294,0.0
100000,46,8,10000,0.0576,0.0385
100000,46,9,10000,0.0581,0.0383
100000,46,10,10000,0.0545,0.0358
500000,42,1,50000,0.03056,0.0
500000,42,2,50000,0.03044,0.0
500000,42,3,50000,0.02892,0.0
500000,42,4,50000,0.02988,0.0
500000,42,5,50000,0.02976,0.0
500000,42,6,50000,0.02874,0.0
500000,42,7,50000,0.02934,0.0
500000,42,8,50000,0.05972,0.039
500000,42,9,50000,0.05896,0.03836
500000,42,10,50000,0.05652,0.03724
500000,43,1,50000,0.02956,0.0
500000,43,2,50000,0.02952,0.0
500000,43,3,50000,0.03004,0.0
500000,43,4,50000,0.03,0.0
500000,43,5,50000,0.02922,0.0
500000,43,6,50000,0.02998,0.0
500000,43,7,50000,0.02796,0.0
500000,43,8,50000,0.05844,0.03652
500000,43,9,50000,0.06024,0.03944
500000,43,10,50000,0.0583,0.03786
500000,44,1,50000,0.02978,0.0
500000,44,2,50000,0.0282,0.0
500000,44,3,50000,0.02948,0.0
500000,44,4,50000,0.02968,0.0
500000,44,5,50000,0.02872,0.0
500000,44,6,50000,0.02826,0.0
500000,44,7,50000,0.03014,0.0
500000,44,8,50000,0.0592,0.03778
500000,44,9,50000,0.05836,0.03764
500000,44,10,50000,0.05818,0.0375
500000,45,1,50000,0.03008,0.0
500000,45,2,50000,0.0287,0.0
500000,45,3,50000,0.02924,0.0
500000,45,4,50000,0.02996,0.0
500000,45,5,50000,0.0303,0.0
500000,45,6,50000,0.02866,0.0
500000,45,7,50000,0.02904,0.0
500000,45,8,50000,0.06232,0.04026
500000,45,9,50000,0.05946,0.03856
500000,45,10,50000,0.06008,0.03916
500000,46,1,50000,0.03022,0.0
500000,46,2,50000,0.03046,0.0
500000,46,3,50000,0.02908,0.0
500000,46,4,50000,0.02846,0.0
500000,46,5,50000,0.0302,0.0
500000,46,6,50000,0.03004,0.0
500000,46,7,50000,0.02924,0.0
500000,46,8,50000,0.05834,0.03922
500000,46,9,50000,0.05798,0.0373
500000,46,10,50000,0.05836,0.0368
